titulo|steam_app_id|genero
Counter-Strike 2|730|Ação
Dota 2|570|Estratégia
Team Fortress 2|440|Ação
Grand Theft Auto V|271590|Ação
Red Dead Redemption 2|1174180|Ação
Cyberpunk 2077|1091500|RPG
ELDEN RING|1245620|RPG
The Witcher 3: Wild Hunt|292030|RPG
Stardew Valley|413150|Simulação
Terraria|105600|Aventura
Portal|400|Puzzle
Portal 2|620|Puzzle
Hollow Knight|367520|Aventura
Hades|1145360|RPG
Baldur's Gate 3|1086940|RPG
Tom Clancy's Rainbow Six Siege|359550|Ação
PUBG: BATTLEGROUNDS|578080|Ação
Rust|252490|Sobrevivência
Palworld|1623730|Sobrevivência
Raft|648800|Sobrevivência
Valheim|892970|Sobrevivência
Satisfactory|526870|Simulação
Sons of the Forest|1326470|Sobrevivência
Resident Evil 4|2050650|Terror
Resident Evil 2|883710|Terror
Resident Evil 3|952060|Terror
Resident Evil Village|1196590|Terror
Halo Infinite|1240440|Ação
Halo: The Master Chief Collection|976730|Ação
DOOM Eternal|782330|Ação
DOOM|379720|Ação
Metro Exodus|412020|Ação
Left 4 Dead 2|550|Ação
Dead by Daylight|381210|Terror
Phasmophobia|739630|Terror
Lethal Company|1966720|Terror
The Forest|242760|Sobrevivência
Subnautica|264710|Sobrevivência
Subnautica: Below Zero|848450|Sobrevivência
No Man's Sky|275850|Aventura
The Elder Scrolls V: Skyrim Special Edition|489830|RPG
Fallout 4|377160|RPG
Fallout: New Vegas|22380|RPG
The Elder Scrolls Online|306130|RPG
Monster Hunter: World|582010|RPG
Monster Hunter Rise|1446780|RPG
Sekiro: Shadows Die Twice|814380|RPG
Dark Souls III|374320|RPG
Dark Souls Remastered|570940|RPG
Dark Souls II: Scholar of the First Sin|335300|RPG
Mortal Kombat 11|976310|Luta
Street Fighter 6|1364780|Luta
TEKKEN 8|1778820|Luta
GUILTY GEAR -STRIVE-|1384160|Luta
DRAGON BALL FighterZ|678950|Luta
Forza Horizon 5|1551360|Corrida
Forza Horizon 4|1293830|Corrida
Euro Truck Simulator 2|227300|Simulação
American Truck Simulator|270880|Simulação
Need for Speed Heat|1222680|Corrida
Assetto Corsa|244210|Corrida
Trackmania|2225070|Corrida
Fall Guys|1097150|Casual
Rocket League|252950|Esporte
EA SPORTS FC 24|2195250|Esporte
The Sims 4|1222670|Simulação
Cities: Skylines|255710|Simulação
Cities: Skylines II|949230|Simulação
Planet Zoo|703080|Simulação
Planet Coaster|493340|Simulação
RimWorld|294100|Simulação
Factorio|427520|Estratégia
Oxygen Not Included|457140|Simulação
Don't Starve Together|322330|Sobrevivência
ARK: Survival Evolved|346110|Sobrevivência
DayZ|221100|Sobrevivência
7 Days to Die|251570|Sobrevivência
Project Zomboid|108600|Sobrevivência
Killing Floor 2|232090|Ação
PAYDAY 2|218620|Ação
Warframe|230410|Ação
Destiny 2|1085660|Ação
Apex Legends|1172470|Ação
War Thunder|236390|Ação
Path of Exile|238960|RPG
Path of Exile 2|2694490|RPG
Diablo IV|2344520|RPG
Lost Ark|1599340|RPG
Black Desert|582660|RPG
New World: Aeternum|1063730|RPG
FINAL FANTASY XIV Online|39210|RPG
FINAL FANTASY VII REMAKE INTERGRADE|1462040|RPG
Persona 5 Royal|1687950|RPG
Persona 4 Golden|111300|RPG
Persona 3 Reload|2161700|RPG
Yakuza: Like a Dragon|1235140|RPG
NieR:Automata|524220|RPG
Tales of Arise|740130|RPG
Marvel's Spider-Man Remastered|1817070|Ação
Marvel's Spider-Man 2|2651280|Ação
God of War|1593500|Ação
God of War Ragnarök|2322010|Ação
Horizon Zero Dawn Complete Edition|1151640|Ação
Horizon Forbidden West Complete Edition|2420110|Ação
Days Gone|1259420|Ação
Death Stranding|1190460|Aventura
Ghost of Tsushima DIRECTOR'S CUT|2215430|Ação
The Last of Us Part I|1888930|Ação
Uncharted: Legacy of Thieves Collection|1659420|Ação
Detroit: Become Human|1222140|Aventura
Heavy Rain|960910|Aventura
Beyond: Two Souls|960990|Aventura
Stray|1332010|Aventura
Little Nightmares|424840|Terror
Little Nightmares II|860510|Terror
INSIDE|304430|Aventura
LIMBO|48000|Aventura
Cuphead|268910|Ação
Celeste|504230|Aventura
Dead Cells|588650|Ação
Ori and the Blind Forest|261570|Aventura
Ori and the Will of the Wisps|1057090|Aventura
BioShock Infinite|8870|Ação
Borderlands 3|397540|Ação
Control Ultimate Edition|870780|Ação
The Evil Within 2|601430|Terror
Outlast|238320|Terror
Outlast 2|414700|Terror
Amnesia: The Dark Descent|57300|Terror
Amnesia: The Bunker|1944430|Terror
SOMA|282140|Terror
Alien: Isolation|214490|Terror
Dying Light|239140|Ação
Dying Light 2 Stay Human|534380|Ação
Dishonored|205100|Ação
Dishonored 2|403640|Ação
Prey|480490|Ação
Deathloop|1252330|Ação
HITMAN World of Assassination|1659040|Ação
Sniper Elite 5|1029690|Ação
Metal Gear Solid V: The Phantom Pain|287700|Ação
Grand Theft Auto IV: The Complete Edition|12210|Ação
Bully: Scholarship Edition|12200|Ação
L.A. Noire|110800|Aventura
Max Payne 3|204100|Ação
Sleeping Dogs: Definitive Edition|307690|Ação
Batman: Arkham Knight|208650|Ação
Batman: Arkham City|200260|Ação
Middle-earth: Shadow of Mordor|241930|Ação
Middle-earth: Shadow of War|356190|RPG
Half-Life|70|Ação
Half-Life 2|220|Ação
Half-Life 2: Episode One|380|Ação
Half-Life 2: Episode Two|420|Ação
Counter-Strike|10|Tiro
Counter-Strike: Source|240|Tiro
Garry's Mod|4000|Casual
Left 4 Dead|500|Terror
Killing Floor|1250|Terror
PAYDAY 3|1272080|Ação
Portal Stories: Mel|317400|Puzzle
Black Mesa|362890|Ação
BioShock|7670|Ação
BioShock 2 Remastered|409720|Ação
BioShock Remastered|409710|Ação
Borderlands|8980|Ação
Borderlands 2|49520|Ação
Borderlands: The Pre-Sequel|261640|Ação
Tiny Tina's Wonderlands|1286680|RPG
The Outer Worlds|578650|RPG
The Outer Worlds 2|1920490|RPG
Mass Effect Legendary Edition|1328670|RPG
Mass Effect Andromeda|123800|RPG
Dragon Age: Inquisition|1222690|RPG
Dragon Age: Origins|47810|RPG
Dragon Age II|12370|RPG
Baldur's Gate 1 Enhanced Edition|228280|RPG
Baldur's Gate 2 Enhanced Edition|257350|RPG
Divinity: Original Sin|230230|RPG
Divinity: Original Sin 2|435150|RPG
Pillars of Eternity|291650|RPG
Pillars of Eternity II: Deadfire|560130|RPG
Wasteland 3|719040|RPG
Disco Elysium|632470|RPG
Undertale|391540|RPG
Deltarune|1671210|RPG
Omori|1150690|RPG
Octopath Traveler|921570|RPG
Octopath Traveler II|1971650|RPG
Bravely Default II|1446650|RPG
Dragon Quest XI S|1295510|RPG
Tales of Berseria|429660|RPG
Tales of Vesperia|738540|RPG
Scarlet Nexus|775500|RPG
Code Vein|678960|RPG
Nioh: Complete Edition|485510|RPG
Nioh 2 – The Complete Edition|1325200|RPG
Wo Long: Fallen Dynasty|1448440|RPG
Lies of P|1627720|RPG
Lords of the Fallen|1501750|RPG
Dragon's Dogma: Dark Arisen|367500|RPG
Dragon's Dogma 2|2054970|RPG
Kingdom Come: Deliverance|379430|RPG
Kingdom Come: Deliverance II|1771300|RPG
Cyberpunk 2077: Phantom Liberty|1042550|RPG
The Elder Scrolls V: Skyrim|72850|RPG
Fallout 3|22300|RPG
Fallout 76|1151340|RPG
Fallout 4 VR|611660|RPG
Starfield|1716740|RPG
The Elder Scrolls IV: Oblivion|22330|RPG
The Elder Scrolls III: Morrowind|22320|RPG
Divinity: Dragon Commander|243950|Estratégia
Dragon Age: The Veilguard|1845910|RPG
South of Midnight|1934570|Aventura
Avowed|2457220|RPG
Banishers: Ghosts of New Eden|1493640|Aventura
Life is Strange|319630|Aventura
Life is Strange 2|532210|Aventura
Life is Strange: True Colors|936790|Aventura
Life is Strange: Double Exposure|1265920|Aventura
Telltale Batman|536220|Aventura
The Wolf Among Us|250320|Aventura
Tales from the Borderlands|330830|Aventura
The Walking Dead|207610|Aventura
The Walking Dead: Season Two|261030|Aventura
The Walking Dead: The Final Season|866800|Aventura
Until Dawn|2172010|Terror
The Quarry|1577120|Terror
Alan Wake|108710|Terror
Alan Wake 2|1088850|Terror
Alan Wake's American Nightmare|202750|Terror
Quantum Break|474960|Ação
Max Payne|12140|Ação
Max Payne 2|12150|Ação
Mafia: Definitive Edition|1030840|Ação
Mafia II: Definitive Edition|1030830|Ação
Mafia III: Definitive Edition|360430|Ação
Watch Dogs|243470|Ação
Watch Dogs 2|447040|Ação
Watch Dogs: Legion|2231380|Ação
Far Cry 3|220240|Ação
Far Cry 4|298110|Ação
Far Cry 5|552520|Ação
Far Cry 6|2369390|Ação
Far Cry Primal|371660|Ação
Far Cry New Dawn|939960|Ação
Assassin's Creed II|33230|Ação
Assassin's Creed III Remastered|911400|Ação
Assassin's Creed IV Black Flag|242050|Ação
Assassin's Creed Origins|582160|Ação
Assassin's Creed Valhalla|2208920|Ação
Assassin's Creed Mirage|3035570|Ação
Tom Clancy's The Division|365590|Ação
Tom Clancy's The Division 2|2221490|Ação
Ghost Recon Wildlands|460930|Ação
Rainbow Six Vegas 2|15120|Tiro
Splinter Cell Blacklist|235600|Ação
Prince of Persia|19980|Ação
Prince of Persia: The Forgotten Sands|13600|Ação
Beyond Good & Evil|15100|Aventura
Rayman Legends|270550|Plataforma
Rayman Origins|207490|Plataforma
Trials Fusion|245490|Corrida
TrackMania Turbo|375900|Corrida
The Crew 2|646910|Corrida
The Crew Motorfest|2698940|Corrida
F1 24|2488620|Corrida
F1 23|2108330|Corrida
F1 22|1692250|Corrida
DiRT Rally|310560|Corrida
DiRT Rally 2.0|690790|Corrida
WRC 10|1591490|Corrida
WRC Generations|1953520|Corrida
CarX Drift Racing Online|635260|Corrida
BeamNG.drive|284160|Corrida
Wreckfest|228380|Corrida
SnowRunner|1465360|Simulação
MudRunner|675010|Simulação
Farming Simulator 22|1248130|Simulação
Farming Simulator 25|2300320|Simulação
House Flipper|613100|Simulação
House Flipper 2|1190970|Simulação
PowerWash Simulator|1290000|Simulação
PC Building Simulator|621060|Simulação
PC Building Simulator 2|1447430|Simulação
Car Mechanic Simulator 2021|1190000|Simulação
Cooking Simulator|641320|Simulação
Gas Station Simulator|1161580|Simulação
Thief Simulator|704850|Simulação
Zoo Tycoon: Ultimate Animal Collection|613880|Simulação
Two Point Hospital|535930|Simulação
Two Point Campus|1649080|Simulação
Tropico 6|492720|Estratégia
Tropico 5|245620|Estratégia
Tropico 4|57690|Estratégia
Civilization VI|289070|Estratégia
Civilization V|8930|Estratégia
Civilization IV|3900|Estratégia
Age of Empires II: Definitive Edition|813780|Estratégia
Age of Empires IV|1466860|Estratégia
Age of Empires III: Definitive Edition|933110|Estratégia
Age of Mythology: Retold|1934680|Estratégia
Company of Heroes 2|231430|Estratégia
Company of Heroes 3|1677280|Estratégia
Total War: WARHAMMER III|1142710|Estratégia
Total War: WARHAMMER II|594570|Estratégia
Total War: THREE KINGDOMS|779340|Estratégia
Total War: ROME II|214950|Estratégia
XCOM: Enemy Unknown|200510|Estratégia
XCOM 2|268500|Estratégia
XCOM: Chimera Squad|882100|Estratégia
Command & Conquer Remastered Collection|1213210|Estratégia
They Are Billions|644930|Estratégia
Frostpunk|323190|Estratégia
Frostpunk 2|1601580|Estratégia
Banished|242920|Estratégia
Northgard|466560|Estratégia
Endless Legend|289130|Estratégia
Endless Space 2|392110|Estratégia
Stellaris|281990|Estratégia
Europa Universalis IV|236850|Estratégia
Hearts of Iron IV|394360|Estratégia
Crusader Kings III|1158310|Estratégia
Victoria 3|529340|Estratégia
Manor Lords|1363080|Estratégia
Against the Storm|1336490|Estratégia
Songs of Syx|1162750|Estratégia
Into the Breach|590380|Estratégia
Slay the Spire|646570|Estratégia
Balatro|2379780|Estratégia
Inscryption|1092790|Estratégia
Monster Train|1102190|Estratégia
Darkest Dungeon|262060|RPG
Darkest Dungeon II|1940340|RPG
Hades II|1145350|RPG
Bastion|107100|RPG
Transistor|237930|RPG
Pyre|462770|RPG
Hyper Light Drifter|257850|Ação
Tunic|553420|Aventura
Death's Door|894020|Aventura
The Messenger|764790|Plataforma
Shovel Knight: Treasure Trove|250760|Plataforma
A Hat in Time|253230|Plataforma
Psychonauts|3830|Aventura
Psychonauts 2|607080|Aventura
It Takes Two|1426210|Aventura
A Way Out|1222700|Aventura
Unravel|1225560|Aventura
Unravel Two|1225570|Aventura
Brothers: A Tale of Two Sons|225080|Aventura
Journey|638230|Aventura
ABZÛ|384190|Aventura
What Remains of Edith Finch|501300|Aventura
Firewatch|383870|Aventura
Oxenfree|388880|Aventura
Oxenfree II: Lost Signals|1574020|Aventura
Night in the Woods|481510|Aventura
Kentucky Route Zero|231200|Aventura
The Stanley Parable|221910|Aventura
The Stanley Parable: Ultra Deluxe|1703340|Aventura
Papers, Please|239030|Simulação
This War of Mine|282070|Estratégia
Beholder|475550|Estratégia
Beholder 2|761620|Estratégia
FAR: Lone Sails|609320|Aventura
FAR: Changing Tides|1570010|Aventura
Inside My Radio|318200|Aventura
Little Nightmares III|1392860|Terror
Layers of Fear|1946700|Terror
Layers of Fear 2|1029890|Terror
Visage|594330|Terror
MADiSON|1670870|Terror
Devour|1274570|Terror
The Mortuary Assistant|1295920|Terror
Darkwood|274520|Terror
Doki Doki Literature Club Plus!|1388880|Terror
Five Nights at Freddy's|319510|Terror
Five Nights at Freddy's 2|332800|Terror
Five Nights at Freddy's 3|354140|Terror
Five Nights at Freddy's 4|388090|Terror
Five Nights at Freddy's: Security Breach|747660|Terror
Bendy and the Ink Machine|622650|Terror
Bendy and the Dark Revival|1063660|Terror
Poppy Playtime|1721470|Terror
Amnesia: Rebirth|999220|Terror
Amnesia: A Machine for Pigs|239200|Terror
Penumbra: Overture|9870|Terror
Cry of Fear|223710|Terror
Kholat|343710|Terror
Observer|514900|Terror
Layers of Fear (2016)|391720|Terror
The Medium|1293160|Terror
Scorn|698670|Terror
SIGNALIS|1262350|Terror
Tormented Souls|1367590|Terror
Martha Is Dead|515960|Terror
The Callisto Protocol|1544020|Terror
Dead Space|1693980|Terror
Dead Space 2|47780|Terror
Dead Space 3|1238060|Terror
Dishonored: Death of the Outsider|614570|Ação
Wolfenstein: The New Order|201810|Ação
Wolfenstein II: The New Colossus|612880|Ação
Wolfenstein: Youngblood|939550|Ação
DOOM 3|208200|Terror
Quake|2310|Ação
Quake II|2320|Ação
Quake III Arena|2200|Ação
RAGE|9200|Ação
RAGE 2|548570|Ação
Sniper Elite 4|312660|Ação
Sniper Elite 3|238090|Ação
Sniper Elite V2|63380|Ação
Hitman 2|863550|Ação
Shadow of the Tomb Raider|750920|Ação
Rise of the Tomb Raider|391220|Ação
Tomb Raider|203160|Ação
Lara Croft and the Temple of Osiris|289650|Ação
Just Cause 3|225540|Ação
Just Cause 4|517630|Ação
Sleeping Dogs|202170|Ação
Prototype|10150|Ação
Prototype 2|115320|Ação
Saints Row IV|206420|Ação
Saints Row: The Third Remastered|978300|Ação
Saints Row|742420|Ação
Lego Star Wars: The Skywalker Saga|920210|Aventura
LEGO Marvel Super Heroes|249130|Aventura
LEGO Batman 3: Beyond Gotham|313690|Aventura
LEGO Harry Potter: Years 1-4|21130|Aventura
Star Wars Jedi: Fallen Order|1172380|Ação
Star Wars Jedi: Survivor|1774580|Ação
Star Wars Battlefront II|1237950|Ação
Star Wars: Squadrons|1222730|Ação
Star Wars Knights of the Old Republic|32370|RPG
Star Wars Knights of the Old Republic II|208580|RPG
Star Wars: The Force Unleashed|32430|Ação
Star Wars: Republic Commando|6000|Ação
Mortal Kombat X|307780|Luta
Mortal Kombat 1|1971870|Luta
Street Fighter V|310950|Luta
Street Fighter IV|45760|Luta
TEKKEN 7|389730|Luta
GUILTY GEAR XX ACCENT CORE PLUS R|348550|Luta
Killer Instinct|577940|Luta
Injustice: Gods Among Us Ultimate Edition|242700|Luta
Injustice 2|627270|Luta
Soulcalibur VI|544750|Luta
Dragon Ball Xenoverse|323470|Luta
Dragon Ball Xenoverse 2|454640|Luta
Naruto Shippuden: Ultimate Ninja Storm 4|349040|Luta
One Piece: Pirate Warriors 4|1089090|Ação
Sonic Mania|584400|Plataforma
Sonic Frontiers|1237320|Plataforma
Sonic Generations|71340|Plataforma
Sonic Adventure 2|213610|Plataforma
Crash Bandicoot N. Sane Trilogy|731490|Plataforma
Crash Bandicoot 4: It's About Time|1378990|Plataforma
Spyro Reignited Trilogy|996580|Plataforma
New Super Lucky's Tale|847370|Plataforma
Yooka-Laylee|360830|Plataforma
A Short Hike|1055540|Aventura
Spiritfarer|972660|Aventura
Gris|683320|Aventura
Hollow Knight: Silksong|1030300|Aventura
Blasphemous|774361|Ação
Blasphemous 2|2114740|Ação
Salt and Sanctuary|283640|Ação
Salt and Sacrifice|881100|Ação
Ender Lilies: Quietus of the Knights|1369630|RPG
Deaths Gambit: Afterlife|850170|RPG
Mortal Shell|1110910|RPG
The Surge|378540|RPG
The Surge 2|644830|RPG
Remnant: From the Ashes|617290|Ação
Remnant II|1282100|Ação
Hellblade: Senua's Sacrifice|414340|Ação
Hellblade II|2461850|Ação
Plague Tale: Innocence|752590|Aventura
A Plague Tale: Requiem|1182900|Aventura
Metro 2033 Redux|286690|Ação
Metro: Last Light Redux|287390|Ação
Crysis|17300|Ação
Crysis 2|108800|Ação
Crysis 3|24740|Ação
Titanfall 2|1237970|Ação
Battlefield 1|1238840|Ação
Battlefield V|1238810|Ação
Battlefield 2042|1517290|Ação
Battlefield 4|1238860|Ação
Battlefield Hardline|1238880|Ação
Rising Storm 2: Vietnam|418460|Tiro
Insurgency|222880|Tiro
Insurgency: Sandstorm|581320|Tiro
Ready or Not|1144200|Tiro
HELLDIVERS|394510|Ação
HELLDIVERS 2|553850|Ação
Deep Rock Galactic|548430|Ação
